place,title,time,pay,date
부산 연제구, 세븐일레븐 부산연산시티점,22:00~08:00,"8,720",1분전
서울 마포구, 세븐일레븐 홍대역점,07:00~12:00,"8,590",1분전
서울 마포구, 세븐일레븐 홍대역점,07:00~12:00,"8,590",2분전
충북 청주시, 세븐일레븐 청주방서중흥점,09:00~16:00,"8,590",2분전
서울 강남구, 세븐일레븐 역삼세브란스점,08:00~13:00,"8,720",3분전
서울 광진구, 세븐일레븐 아차산프리미엄점,07:00~14:00,"8,590",7분전
경기 부천시, 세븐일레븐 송내대우점,00:00~08:00,"8,590",9분전
경기 오산시, 세븐일레븐 오산3호점,16:00~23:00,"8,720",10분전
제주 서귀포, 세븐일레븐 서귀포서문로점,23:00~09:00,"8,720",16분전
경북 경산시, 세븐일레븐 경산압량원룸점,00:00~09:00,"8,720",16분전
경북 경산시, 세븐일레븐 경산압량원룸점,18:00~24:00,"8,720",16분전
경기 평택시, 세븐일레븐 평택아너스빌점,23:00~06:00,"8,720",18분전
부산 기장군, 세븐일레븐 부산기장고리원전점,18:00~06:00,"8,590",19분전
광주 북구, 세븐일레븐 광주유동스타점,22:00~09:00,"8,720",19분전
광주 북구, 세븐일레븐 광주유동스타점,22:00~09:00,"8,720",19분전
광주 북구, 세븐일레븐 광주유동스타점,22:00~09:00,"8,720",20분전
광주 북구, 세븐일레븐 광주유동스타점,22:00~09:00,"8,720",21분전
광주 북구, 세븐일레븐 광주유동스타점,22:00~09:00,"8,720",22분전
경기 용인시, 세븐일레븐 용인양지타운점,22:00~08:00,"8,590",23분전
경기 시흥시, 세븐일레븐 시흥정왕번화로점,23:00~08:00,"8,720",24분전
부산 전체, 세븐일레븐 부산센텀민락교점,23:30~07:30,"8,720",28분전
경기 시흥시, 세븐일레븐 시흥정왕번화로점,23:00~08:00,"8,720",32분전
서울 구로구, 세븐일레븐 구로개봉푸르뫼점,22:00~10:00,"8,720",33분전
경기 안산시, 세븐일레븐 안산리치프라자점,22:00~08:00,"8,720",34분전
강원 강릉시, 세븐일레븐 강릉성내점,07:00~10:00,"8,720",35분전
서울 구로구, 세븐일레븐 구로개봉푸르뫼점,22:00~10:00,"8,720",36분전
경기 용인시, 세븐일레븐 동백제일점,23:00~06:00,"8,590",36분전
서울 강남구, 세븐일레븐 논현4호점,22:00~03:00,"9,000",36분전
대전 중구, 세븐일레븐 대전태평삼부점,23:00~07:00,"8,590",41분전
경기 부천시, 세븐일레븐 부천춘의중앙점,23:00~08:00,"8,590",41분전
서울 전체, 세븐일레븐 송파헬리오점,15:00~22:00,"8,600",42분전
서울 강서구, 세븐일레븐 화곡메인점,08:00~14:00,"8,590",42분전
서울 영등포, 세븐일레븐 여의아이비피아점,23:00~06:00,"8,600",43분전
서울 영등포, 세븐일레븐 당산메인점,17:00~22:00,"8,590",43분전
경남 창원시, 세븐일레븐 창원도계중앙점,16:00~02:00,"8,590",45분전
경기 평택시, 세븐일레븐 평택팽성본정점,06:00~12:00,"8,720",46분전
대구 남구, 세븐일레븐 대구교대역점,17:00~22:00,"8,720",49분전
서울 영등포, 세븐일레븐 여의아이비피아점,09:00~23:00,"8,600",51분전
대전 유성구, 세븐일레븐 대전신성대림점,16:30~23:00,"8,720",52분전
인천 미추홀, 세븐일레븐 인천학익2호점,23:00~08:00,"8,720",52분전
